1,1,UNLEASH THE ARCHERS - Debut Australian Tour 2024 ,7-Jun,608 High St Thornbury VIC 3071,-37.76195803,144.9997878
2,2,Cirith Ungol (USA) & Night Demon (USA),1-Jun,57 Swan St Richmond VIC 3121,-37.823884588725036,144.99280348835927
3,3,Explosions in the Sky,22-May,154 Flinders St Melbourne VIC 3000,-37.81596570532338, 144.96938298095336
4,4,The Music of Eminem: Remastered,25-May,125 Swanston St Melbourne VIC 3000,-37.81399788164662, 144.96610408835923